{
  "name": "tv-player",
  "version": "1.0.0",
  "description": "Digital Signage TV Player",
  "main": "index.html",
  "homepage": "/tv-player/",
  "scripts": {
    "start": "react-scripts start",
    "build": "react-scripts build",
    "test": "react-scripts test",
    "eject": "react-scripts eject"
  },
  "dependencies": {
    "react": "^18.2.0",
    "react-dom": "^18.2.0",
    "react-player": "^2.12.0",
    "axios": "^1.3.0",
    "lucide-react": "^0.263.1",
    "react-scripts": "5.0.1",
    "tailwindcss": "^3.2.7",
    "autoprefixer": "^10.4.14",
    "postcss": "^8.4.21",
    "serve": "^14.2.1"
  },
  "environment": {
    "REACT_APP_API_BASE_URL": "https://atrium-60045083855.development.catalystserverless.in",
    "NODE_ENV": "production"
  }
}
