{
  "name": "dashboard",
  "version": "1.0.0",
  "description": "Digital Signage Dashboard",
  "main": "index.html",
  "homepage": "/dashboard/",
  "scripts": {
    "start": "react-scripts start",
    "build": "react-scripts build",
    "test": "react-scripts test",
    "eject": "react-scripts eject"
  },
  "dependencies": {
    "axios": "^1.3.0",
    "js-cookie": "^3.0.5",
    "lucide-react": "^0.263.1",
    "moment": "^2.30.1",
    "react": "^18.2.0",
    "react-dom": "^18.2.0",
    "react-dropzone": "^14.2.3",
    "react-router-dom": "^6.8.0",
    "react-scripts": "5.0.1"
  },
  "environment": {
    "REACT_APP_API_BASE_URL": "https://atrium-60045083855.development.catalystserverless.in",
    "REACT_APP_ZOHO_CLIENT_ID": "1000.A7GBW3AR476CCTVPXTK10OXJ8CRNXL",
    "REACT_APP_ZOHO_REDIRECT_URI": "https://atrium-60045083855.development.catalystserverless.in/dashboard/auth/callback",
    "NODE_ENV": "production"
  }
}
